{"T1H":1.2999999523162842,"WSD":0.4000000059604645,"REH":78.0}